City_ID,City,Lat,Lng,Max Temp,Humidity,Cloudiness,Wind Speed,Country,Date
0,Clyde River,70.4692,-68.5914,3.43,78,75,6.91,CA,2022-04-11 18:16:18
1,Susanville,40.4163,-120.653,39.67,77,88,21.0,US,2022-04-11 18:16:19
2,Punta Arenas,-53.15,-70.9167,51.91,54,40,20.71,CL,2022-04-11 18:16:19
3,Esperance,-33.8667,121.9,63.12,90,100,11.56,AU,2022-04-11 18:16:20
4,Atuona,-9.8,-139.0333,78.89,79,22,16.6,PF,2022-04-11 18:12:02
5,Mataura,-46.1927,168.8643,48.47,99,100,2.59,NZ,2022-04-11 18:16:21
6,Sitka,57.0531,-135.33,37.29,20,20,21.85,US,2022-04-11 18:16:22
7,Terney,45.0503,136.6092,39.04,98,100,3.85,RU,2022-04-11 18:16:23
8,Ushuaia,-54.8,-68.3,46.06,71,40,25.32,AR,2022-04-11 18:16:23
9,Puerto Madero,14.7208,-92.4215,93.4,43,40,9.22,MX,2022-04-11 18:16:24
10,Jinka,5.65,36.65,64.49,88,87,2.06,ET,2022-04-11 18:16:25
11,Pochutla,15.7432,-96.4661,89.82,38,30,10.22,MX,2022-04-11 18:16:25
12,Cabo San Lucas,22.8909,-109.9124,83.61,57,20,19.57,MX,2022-04-11 18:16:26
13,Portland,45.5234,-122.6762,41.49,94,100,6.91,US,2022-04-11 18:13:40
14,Saint-Philippe,-21.3585,55.7679,74.79,85,88,17.22,RE,2022-04-11 18:16:26
15,Rikitea,-23.1203,-134.9692,79.12,71,0,17.67,PF,2022-04-11 18:16:27
16,Luangwa,-15.6167,30.4167,73.09,76,96,1.1,ZM,2022-04-11 18:16:28
17,New Norfolk,-42.7826,147.0587,49.71,60,64,1.01,AU,2022-04-11 18:16:28
18,Xining,36.6167,101.7667,38.14,39,35,3.24,CN,2022-04-11 18:16:29
19,Kirakira,-10.4544,161.9205,79.32,82,57,4.97,SB,2022-04-11 18:16:29
20,Mahebourg,-20.4081,57.7,77.29,83,40,11.5,MU,2022-04-11 18:16:30
21,Sept-Iles,50.2001,-66.3821,46.92,39,40,11.5,CA,2022-04-11 18:16:31
22,Bambous Virieux,-20.3428,57.7575,77.25,83,40,11.5,MU,2022-04-11 18:16:31
23,Albany,42.6001,-73.9662,57.63,36,33,4.9,US,2022-04-11 18:12:55
24,Vardo,70.3705,31.1107,33.78,93,100,2.3,NO,2022-04-11 18:16:33
25,Cape Town,-33.9258,18.4232,73.27,58,0,5.01,ZA,2022-04-11 18:11:48
26,Vaini,-21.2,-175.2,75.36,100,75,2.3,TO,2022-04-11 18:16:33
27,Provideniya,64.3833,-173.3,21.97,92,99,11.25,RU,2022-04-11 18:16:34
28,Sinnamary,5.3833,-52.95,80.08,83,92,12.86,GF,2022-04-11 18:16:35
29,Hermanus,-34.4187,19.2345,67.95,62,0,3.58,ZA,2022-04-11 18:16:35
30,Salalah,17.0151,54.0924,82.49,83,0,3.44,OM,2022-04-11 18:16:36
31,Svetlyy,54.675,20.1347,37.45,75,13,2.21,RU,2022-04-11 18:16:36
32,Klaksvik,62.2266,-6.589,40.12,71,100,23.91,FO,2022-04-11 18:16:37
33,Yulara,-25.2406,130.9889,71.44,28,75,6.91,AU,2022-04-11 18:16:37
34,Narsaq,60.9167,-46.05,41.22,42,82,15.75,GL,2022-04-11 18:16:37
35,Hobart,-42.8794,147.3294,50.05,74,75,8.05,AU,2022-04-11 18:14:36
36,Kysyl-Syr,63.8986,122.7617,-2.45,100,81,2.44,RU,2022-04-11 18:16:38
37,Hilo,19.7297,-155.09,84.27,79,100,4.61,US,2022-04-11 18:16:39
38,Poltavka,54.3663,71.7632,40.37,54,94,11.5,RU,2022-04-11 18:16:39
39,Port Hedland,-20.3167,118.5667,77.05,88,15,8.05,AU,2022-04-11 18:16:40
40,Georgetown,5.4112,100.3354,80.53,89,20,3.44,MY,2022-04-11 18:16:40
41,Norfolk,42.1668,-71.2495,63.55,38,0,9.22,US,2022-04-11 18:16:40
42,Bluff,-46.6,168.3333,48.79,83,100,12.28,NZ,2022-04-11 18:16:41
43,Tiznit,29.5833,-9.5,62.8,57,49,5.88,MA,2022-04-11 18:16:41
44,Melton Mowbray,52.7659,-0.8869,55.56,58,100,13.78,GB,2022-04-11 18:17:42
45,Porto Nacional,-10.7081,-48.4172,89.6,49,1,1.81,BR,2022-04-11 18:17:42
46,Te Anau,-45.4167,167.7167,48.47,96,100,3.6,NZ,2022-04-11 18:17:43
47,Longyearbyen,78.2186,15.6401,8.44,66,0,10.36,SJ,2022-04-11 18:17:43
48,Tuktoyaktuk,69.4541,-133.0374,-5.8,71,20,5.75,CA,2022-04-11 18:17:44
49,Gisborne,-38.6533,178.0042,54.68,86,94,6.42,NZ,2022-04-11 18:13:10
50,Storforshei,66.4043,14.5233,35.38,64,20,8.05,NO,2022-04-11 18:17:44
51,Zeya,53.75,127.2667,25.79,80,100,4.29,RU,2022-04-11 18:17:45
52,Manokwari,-0.8667,134.0833,76.68,89,100,11.3,ID,2022-04-11 18:17:45
53,Avarua,-21.2078,-159.775,75.25,94,20,1.14,CK,2022-04-11 18:17:46
54,Lucapa,-8.4192,20.7447,71.91,75,91,1.19,AO,2022-04-11 18:17:46
55,Bredasdorp,-34.5322,20.0403,66.06,76,0,2.33,ZA,2022-04-11 18:17:47
56,Ugoofaaru,5.6667,73.0,85.06,73,18,10.74,MV,2022-04-11 18:17:47
57,Khatanga,71.9667,102.5,-18.02,100,92,1.97,RU,2022-04-11 18:17:48
58,Tomatlan,19.9333,-105.25,94.55,29,12,8.97,MX,2022-04-11 18:17:48
59,Saskylakh,71.9167,114.0833,-13.95,100,96,2.35,RU,2022-04-11 18:17:49
60,Kismayo,-0.3582,42.5454,82.69,81,55,13.04,SO,2022-04-11 18:17:49
61,Chuy,-33.6971,-53.4616,74.23,78,92,11.9,UY,2022-04-11 18:17:49
62,Skibbereen,51.55,-9.2667,53.11,96,100,17.31,IE,2022-04-11 18:17:50
63,Rocha,-34.4833,-54.3333,73.62,77,99,12.88,UY,2022-04-11 18:14:26
64,Nelson Bay,-32.7167,152.15,71.01,96,57,13.49,AU,2022-04-11 18:15:04
65,Laguna,38.421,-121.4238,59.29,91,100,21.85,US,2022-04-11 18:17:51
66,Hirara,24.8,125.2833,73.85,88,2,13.29,JP,2022-04-11 18:17:52
67,Port Alfred,-33.5906,26.891,65.17,92,100,5.01,ZA,2022-04-11 18:17:52
68,Upernavik,72.7868,-56.1549,15.93,92,100,8.03,GL,2022-04-11 18:16:56
69,Salvador,13.8333,-88.9167,87.04,29,43,2.04,SV,2022-04-11 18:14:19
70,Vastseliina,57.7303,27.2932,38.12,75,63,4.14,EE,2022-04-11 18:17:53
71,Hobe Sound,27.0595,-80.1364,80.01,56,40,12.66,US,2022-04-11 18:17:53
72,Codrington,-38.2667,141.9667,57.0,56,99,7.83,AU,2022-04-11 18:17:54
73,Busselton,-33.65,115.3333,57.04,85,8,9.17,AU,2022-04-11 18:17:54
74,Bonnyville,54.2668,-110.735,20.52,64,100,17.38,CA,2022-04-11 18:17:54
75,Thompson,55.7435,-97.8558,28.56,64,100,5.75,CA,2022-04-11 18:17:55
76,Airai,-8.9266,125.4092,58.5,65,83,1.99,TL,2022-04-11 18:17:55
77,Katangli,51.7102,143.2326,26.83,96,100,19.84,RU,2022-04-11 18:17:56
78,Tiksi,71.6872,128.8694,-9.02,99,70,8.48,RU,2022-04-11 18:17:56
79,Igpit,8.5108,124.5867,75.97,88,100,5.01,PH,2022-04-11 18:17:57
80,Ilulissat,69.2167,-51.1,28.42,59,75,3.44,GL,2022-04-11 18:17:57
81,Hithadhoo,-0.6,73.0833,84.11,67,65,11.25,MV,2022-04-11 18:17:57
82,Ust-Kulom,61.6864,53.6902,38.37,100,100,5.21,RU,2022-04-11 18:17:58
83,Ancud,-41.8697,-73.8203,54.23,91,100,9.44,CL,2022-04-11 18:17:01
84,Talcahuano,-36.7167,-73.1167,55.96,60,65,11.27,CL,2022-04-11 18:17:59
85,Erenhot,43.6475,111.9767,38.26,33,18,6.62,CN,2022-04-11 18:17:59
86,Fort-Shevchenko,44.5086,50.263,56.16,64,70,5.95,KZ,2022-04-11 18:18:00
87,Chokurdakh,70.6333,147.9167,-0.69,92,100,9.78,RU,2022-04-11 18:18:00
88,Iqaluit,63.7506,-68.5145,20.93,79,20,16.11,CA,2022-04-11 18:19:01
89,Kodiak,57.79,-152.4072,42.31,36,0,10.36,US,2022-04-11 18:19:01
90,Okhotsk,59.3833,143.3,10.18,96,96,5.99,RU,2022-04-11 18:19:03
91,Sarakhs,36.5449,61.1577,64.54,59,6,2.3,IR,2022-04-11 18:19:03
92,Bayburt,40.2589,40.2278,41.29,89,52,6.62,TR,2022-04-11 18:19:04
93,East London,-33.0153,27.9116,67.14,94,0,6.91,ZA,2022-04-11 18:16:30
94,Bathsheba,13.2167,-59.5167,84.81,65,40,23.02,BB,2022-04-11 18:19:05
95,Sistranda,63.7256,8.834,39.16,79,100,24.99,NO,2022-04-11 18:19:05
96,Victoria,22.2855,114.1577,77.18,83,1,5.01,HK,2022-04-11 18:19:03
97,Phalaborwa,-23.943,31.1411,70.88,67,55,5.12,ZA,2022-04-11 18:19:06
98,Cap Malheureux,-19.9842,57.6142,74.46,86,7,1.01,MU,2022-04-11 18:19:06
99,Maine-Soroa,13.2114,12.0241,94.26,7,91,10.51,NE,2022-04-11 18:19:07
100,Hobyo,5.3505,48.5268,83.3,72,37,12.37,SO,2022-04-11 18:19:07
101,Arraial Do Cabo,-22.9661,-42.0278,84.16,61,0,11.5,BR,2022-04-11 18:19:08
102,Daru,-9.0763,143.2092,82.72,81,63,11.05,PG,2022-04-11 18:19:08
103,Jamestown,42.097,-79.2353,63.99,48,100,9.22,US,2022-04-11 18:19:09
104,Serenje,-13.2325,30.2352,62.2,98,73,6.67,ZM,2022-04-11 18:19:09
105,Margate,51.3813,1.3862,59.11,73,100,5.99,GB,2022-04-11 18:19:10
106,Praia Da Vitoria,38.7333,-27.0667,66.45,77,75,13.18,PT,2022-04-11 18:15:49
107,Kapaa,22.0752,-159.319,76.98,87,20,11.5,US,2022-04-11 18:19:11
108,Gat,31.61,34.7642,63.81,100,0,8.63,IL,2022-04-11 18:19:11
109,Dolores,-36.3132,-57.6792,70.79,76,84,12.35,AR,2022-04-11 18:19:12
110,Saint-Francois,46.4154,3.9054,60.67,52,0,17.27,FR,2022-04-11 18:19:12
111,Pandan,14.0453,124.1694,79.34,89,100,13.94,PH,2022-04-11 18:19:13
112,Shahrud,36.4182,54.9763,62.92,32,3,5.73,IR,2022-04-11 18:19:14
113,Soe,-9.8607,124.284,63.27,70,92,3.49,ID,2022-04-11 18:19:14
114,San Cristobal,7.7669,-72.225,77.18,54,88,6.87,VE,2022-04-11 18:19:15
115,Yellowknife,62.456,-114.3525,14.52,62,100,14.97,CA,2022-04-11 18:19:15
116,Kutum,14.2,24.6667,83.41,8,3,10.71,SD,2022-04-11 18:19:16
117,Dolinsk,47.35,142.8,31.69,99,100,6.58,RU,2022-04-11 18:19:17
118,Vanimo,-2.6741,141.3028,77.7,89,27,7.56,PG,2022-04-11 18:19:17
119,Ponta Do Sol,32.6667,-17.1,67.71,60,94,13.6,PT,2022-04-11 18:19:17
120,Emba,48.8264,58.1442,54.43,69,69,6.13,KZ,2022-04-11 18:19:18
121,Grand Gaube,-20.0064,57.6608,77.4,86,8,1.01,MU,2022-04-11 18:19:18
122,Ibotirama,-12.1853,-43.2206,101.8,19,4,2.1,BR,2022-04-11 18:19:19
123,Naldurg,17.8167,76.3,93.9,26,100,14.67,IN,2022-04-11 18:19:19
124,Plattsburgh,44.6995,-73.4529,57.36,43,19,1.99,US,2022-04-11 18:19:20
125,Piracuruca,-3.9281,-41.7092,84.76,77,95,2.73,BR,2022-04-11 18:19:20
126,Dikson,73.5069,80.5464,4.89,85,99,12.68,RU,2022-04-11 18:19:21
127,Pleasanton,37.6624,-121.8747,56.79,91,100,23.02,US,2022-04-11 18:19:21
128,Avera,33.194,-82.5271,78.91,39,35,10.33,US,2022-04-11 18:19:21
129,Sibolga,1.7427,98.7792,76.46,87,100,2.82,ID,2022-04-11 18:19:22
130,Butaritari,3.0707,172.7902,80.02,78,95,7.52,KI,2022-04-11 18:19:23
131,Lavrentiya,65.5833,-171.0,19.42,100,99,5.06,RU,2022-04-11 18:19:23
132,Laiyang,36.9758,120.7136,61.38,77,94,4.05,CN,2022-04-11 18:19:24
133,Tasiilaq,65.6145,-37.6368,35.76,76,93,2.53,GL,2022-04-11 18:19:24
134,Ha Tinh,18.3333,105.9,71.4,96,32,3.71,VN,2022-04-11 18:19:24
135,Stutterheim,-32.5708,27.424,57.43,92,100,5.3,ZA,2022-04-11 18:20:25
136,Riberalta,-10.9833,-66.1,89.8,62,75,11.5,BO,2022-04-11 18:20:26
137,Horconcitos,8.4682,-81.8007,81.93,48,76,5.39,PA,2022-04-11 18:20:26
138,Road Town,18.4167,-64.6167,82.44,61,20,9.22,VG,2022-04-11 18:15:29
139,Kondinskoye,59.6481,67.41,36.21,97,100,8.32,RU,2022-04-11 18:20:27
140,Barrow,71.2906,-156.7887,19.42,79,20,10.36,US,2022-04-11 18:20:28
141,Antofagasta,-23.65,-70.4,66.69,69,18,9.4,CL,2022-04-11 18:19:12
142,Castro,-24.7911,-50.0119,74.39,70,88,7.83,BR,2022-04-11 18:20:28
143,Menongue,-14.6585,17.691,63.48,95,100,4.7,AO,2022-04-11 18:20:29
144,Mollendo,-17.0231,-72.0147,70.16,74,66,9.64,PE,2022-04-11 18:20:30
145,Peleduy,59.6289,112.7406,14.65,97,90,1.68,RU,2022-04-11 18:20:30
146,Alofi,-19.0595,-169.9187,71.49,94,40,1.14,NU,2022-04-11 18:20:31
147,Tungawan,7.5081,122.3711,78.03,86,98,6.55,PH,2022-04-11 18:20:31
148,Carnarvon,-24.8667,113.6333,64.47,77,40,10.36,AU,2022-04-11 18:20:32
149,Synya,65.3718,58.0387,38.34,98,100,10.11,RU,2022-04-11 18:20:32
150,Bengkulu,-3.8004,102.2655,76.28,87,54,3.94,ID,2022-04-11 18:20:33
151,Port Hardy,50.6996,-127.4199,46.58,39,20,11.5,CA,2022-04-11 18:20:35
152,Opole,50.5,18.0,44.4,64,73,0.89,PL,2022-04-11 18:20:35
153,Shar,49.5886,81.0453,37.54,74,15,5.91,KZ,2022-04-11 18:20:36
154,Niksar,40.5917,36.9517,54.59,83,81,4.07,TR,2022-04-11 18:20:36
155,Puerto Ayora,-0.7393,-90.3518,80.55,91,99,8.99,EC,2022-04-11 18:20:37
156,Zhigansk,66.7697,123.3711,0.77,96,60,9.82,RU,2022-04-11 18:20:38
157,Ionia,42.9873,-85.0711,62.62,39,0,18.41,US,2022-04-11 18:20:38
158,Mar Del Plata,-38.0023,-57.5575,68.02,89,75,20.0,AR,2022-04-11 18:16:15
159,Souillac,-20.5167,57.5167,77.38,83,40,11.5,MU,2022-04-11 18:20:39
160,Coahuayana,18.7333,-103.6833,91.22,42,42,7.43,MX,2022-04-11 18:20:39
161,Grand-Lahou,5.1367,-5.0242,82.89,80,67,12.59,CI,2022-04-11 18:20:40
162,Ahipara,-35.1667,173.1667,63.48,90,100,7.7,NZ,2022-04-11 18:20:41
163,Qaanaaq,77.484,-69.3632,-0.94,76,49,3.18,GL,2022-04-11 18:20:42
164,Lebu,-37.6167,-73.65,55.71,67,96,6.53,CL,2022-04-11 18:20:42
165,Khani,41.9563,42.9566,56.77,71,14,9.22,GE,2022-04-11 18:20:43
166,Humaita,-7.5061,-63.0208,83.84,67,100,3.98,BR,2022-04-11 18:20:43
167,Kizukuri,40.8061,140.3861,52.11,80,0,4.52,JP,2022-04-11 18:20:44
168,Shimoda,34.6667,138.95,61.11,85,100,6.06,JP,2022-04-11 18:20:46
169,Marawi,7.9986,124.2928,67.98,92,100,5.23,PH,2022-04-11 18:20:46
170,Shenjiamen,29.9576,122.298,60.8,99,100,11.72,CN,2022-04-11 18:20:46
171,Hamilton,39.1834,-84.5333,59.43,91,100,11.5,US,2022-04-11 18:15:47
172,Chhagalnaiya,23.03,91.5069,78.33,89,90,5.12,BD,2022-04-11 18:20:47
173,Natal,-5.795,-35.2094,86.22,66,20,12.66,BR,2022-04-11 18:19:50
174,Burnie,-41.0667,145.9167,47.91,79,11,7.85,AU,2022-04-11 18:19:52
175,Maunabo,18.0072,-65.8993,86.52,76,12,11.36,PR,2022-04-11 18:20:48
176,Florida,28.7505,-82.5001,82.81,42,0,6.91,US,2022-04-11 18:20:48
177,Kununurra,-15.7667,128.7333,69.78,83,58,3.44,AU,2022-04-11 18:20:49
178,Manaus,-3.1019,-60.025,84.69,79,75,3.44,BR,2022-04-11 18:21:49
179,Saint Simons,31.1352,-81.3901,76.05,46,0,12.66,US,2022-04-11 18:21:50
180,Samaipata,-18.15,-63.8667,69.89,61,74,8.63,BO,2022-04-11 18:21:50
181,Faanui,-16.4833,-151.75,81.7,71,21,17.72,PF,2022-04-11 18:21:51
182,Bratsk,56.1325,101.6142,21.69,97,96,5.84,RU,2022-04-11 18:21:51
183,Puerto Leguizamo,-0.1934,-74.7819,81.45,79,96,3.85,CO,2022-04-11 18:18:31
184,Saint George,37.1041,-113.5841,70.63,12,0,3.0,US,2022-04-11 18:17:31
185,Beberibe,-4.1797,-38.1306,82.4,77,80,7.36,BR,2022-04-11 18:21:52
186,Ribeira Grande,38.5167,-28.7,61.2,94,75,21.85,PT,2022-04-11 18:21:52
187,Kandrian,-6.2167,149.55,77.4,86,61,3.85,PG,2022-04-11 18:21:52
188,Comodoro Rivadavia,-45.8667,-67.5,55.26,67,75,8.05,AR,2022-04-11 18:21:53
189,Komsomolskiy,40.4272,71.7189,68.72,52,84,2.3,UZ,2022-04-11 18:21:54
190,Houma,29.5958,-90.7195,73.99,82,100,3.0,US,2022-04-11 18:21:54
191,Aguimes,27.9054,-15.4461,66.83,52,75,8.05,ES,2022-04-11 18:21:55
192,Husavik,66.0449,-17.3389,31.53,91,93,6.78,IS,2022-04-11 18:21:55
193,Aklavik,68.2191,-135.0107,4.24,91,44,5.01,CA,2022-04-11 18:21:55
194,Ryotsu,38.0833,138.4333,58.21,61,17,4.16,JP,2022-04-11 18:21:56
195,Turangi,-39.0,175.9333,50.41,97,100,1.54,NZ,2022-04-11 18:21:56
196,West Wendover,40.7391,-114.0733,45.61,39,100,9.22,US,2022-04-11 18:21:57
197,Hasaki,35.7333,140.8333,59.4,85,100,17.2,JP,2022-04-11 18:21:57
198,Ojinaga,29.5667,-104.4167,86.58,17,0,6.91,MX,2022-04-11 18:21:57
199,Beringovskiy,63.05,179.3167,23.23,96,100,8.03,RU,2022-04-11 18:21:58
200,Porto Novo,6.4965,2.6036,85.82,78,90,9.01,BJ,2022-04-11 18:21:58
201,Vaitape,-16.5167,-151.75,81.66,71,20,17.74,PF,2022-04-11 18:21:59
202,Qasigiannguit,68.8193,-51.1922,28.65,68,100,1.61,GL,2022-04-11 18:21:59
203,Jibuti,11.5,42.5,77.97,63,2,13.24,DJ,2022-04-11 18:21:59
204,Shakiso,5.75,38.9167,59.59,95,88,2.39,ET,2022-04-11 18:22:00
205,Acapulco,16.8634,-99.8901,85.82,66,0,8.05,MX,2022-04-11 18:22:00
206,Sao Filipe,14.8961,-24.4956,72.03,73,66,12.48,CV,2022-04-11 18:22:01
207,Acarau,-2.8856,-40.12,82.81,77,73,10.56,BR,2022-04-11 18:22:01
208,Hay River,60.8156,-115.7999,10.38,79,100,16.11,CA,2022-04-11 18:22:02
209,Lorengau,-2.0226,147.2712,81.84,74,18,8.39,PG,2022-04-11 18:22:02
210,Kathu,7.9178,98.3332,87.75,81,77,7.02,TH,2022-04-11 18:22:03
211,Nikolskoye,59.7035,30.7861,40.71,95,81,2.98,RU,2022-04-11 18:22:03
212,Victor Harbor,-35.5667,138.6167,57.0,75,80,9.78,AU,2022-04-11 18:22:03
213,Banyo,6.75,11.8167,78.55,41,80,4.68,CM,2022-04-11 18:22:04
214,Norman Wells,65.282,-126.8329,12.24,52,75,14.97,CA,2022-04-11 18:22:05
215,Xai-Xai,-25.0519,33.6442,72.45,94,28,7.07,MZ,2022-04-11 18:22:05
216,Progreso,21.2833,-89.6667,93.11,41,6,8.34,MX,2022-04-11 18:22:05
217,Lianzhou,24.7811,112.3825,70.2,73,0,2.46,CN,2022-04-11 18:22:06
218,Rosarito,32.3333,-117.0333,66.42,69,76,12.46,MX,2022-04-11 18:22:06
219,Geraldton,-28.7667,114.6,55.81,88,3,3.44,AU,2022-04-11 18:22:07
220,Talnakh,69.4865,88.3972,-5.22,95,15,7.2,RU,2022-04-11 18:22:07
221,Almaznyy,48.0448,40.045,60.15,51,100,13.15,RU,2022-04-11 18:23:08
222,Raga,8.4596,25.678,84.24,44,64,7.25,SS,2022-04-11 18:23:08
223,Pevek,69.7008,170.3133,-25.98,100,69,7.92,RU,2022-04-11 18:23:08
224,Gizo,-8.103,156.8419,80.94,78,95,7.72,SB,2022-04-11 18:23:09
225,Wellington,-41.2866,174.7756,64.06,89,75,13.8,NZ,2022-04-11 18:18:33
226,Dinghai,26.2847,119.7936,63.52,79,0,5.5,CN,2022-04-11 18:23:09
227,Praya,14.9215,-23.5087,75.74,57,75,24.16,CV,2022-04-11 18:23:10
228,Odweyne,9.4092,45.064,79.27,44,36,10.51,SO,2022-04-11 18:23:10
229,Timra,62.487,17.3257,40.68,60,64,13.8,SE,2022-04-11 18:23:11
230,Mahon,39.8885,4.2658,57.76,82,20,16.11,ES,2022-04-11 18:23:11
231,Pierre,44.3683,-100.351,51.85,40,0,4.0,US,2022-04-11 18:23:12
232,Turukhansk,65.8167,87.9833,10.33,93,98,7.18,RU,2022-04-11 18:23:12
233,Fortuna,40.5982,-124.1573,49.93,65,75,20.71,US,2022-04-11 18:23:12
234,Lexington,37.9887,-84.4777,64.33,94,100,11.5,US,2022-04-11 18:22:12
235,Los Llanos De Aridane,28.6585,-17.9182,64.15,81,100,3.0,ES,2022-04-11 18:23:13
236,Lata,40.1629,-8.3327,58.82,71,64,9.42,PT,2022-04-11 18:23:13
237,Lasa,46.6166,10.7002,54.48,87,67,1.9,IT,2022-04-11 18:23:14
238,Salem,11.65,78.1667,80.4,74,97,5.17,IN,2022-04-11 18:21:05
239,Lagoa,39.05,-27.9833,59.34,93,97,22.77,PT,2022-04-11 18:23:14
240,Huarmey,-10.0681,-78.1522,73.78,74,56,10.8,PE,2022-04-11 18:23:15
241,Panzhihua,26.5851,101.7128,66.6,66,67,0.58,CN,2022-04-11 18:23:15
242,Panguipulli,-39.6333,-72.3333,46.0,98,100,1.5,CL,2022-04-11 18:23:16
243,Saint-Pierre,-21.3393,55.4781,76.91,88,75,20.71,RE,2022-04-11 18:23:16
244,Augusto Correa,-1.0217,-46.635,82.47,80,95,5.57,BR,2022-04-11 18:23:16
245,Edeia,-17.3383,-49.9314,87.67,48,38,5.14,BR,2022-04-11 18:23:17
246,Moindou,-21.6924,165.677,75.15,86,30,3.09,NC,2022-04-11 18:23:17
247,Kruisfontein,-34.0033,24.7314,70.88,80,24,8.43,ZA,2022-04-11 18:23:18
248,Cherskiy,68.75,161.3,-18.87,98,78,6.44,RU,2022-04-11 18:23:18
249,Lesozavodsk,45.4794,133.4244,44.01,93,100,10.36,RU,2022-04-11 18:19:08
250,Brigham City,41.5102,-112.0155,52.36,35,100,5.99,US,2022-04-11 18:19:14
251,Bone,51.9669,12.1396,48.97,48,18,3.33,DE,2022-04-11 18:23:19
252,Dombasle-Sur-Meurthe,48.6252,6.3497,60.31,52,0,8.05,FR,2022-04-11 18:23:20
253,Prainha,-1.8,-53.48,84.97,71,85,3.44,BR,2022-04-11 18:23:20
254,Cabedelo,-6.9811,-34.8339,84.87,65,100,9.28,BR,2022-04-11 18:23:20
255,Port Elizabeth,-33.918,25.5701,73.09,85,0,11.5,ZA,2022-04-11 18:23:21
256,Goundam,16.4145,-3.6708,98.76,6,16,5.77,ML,2022-04-11 18:23:21
257,Ouallam,14.3188,2.0866,101.3,15,55,3.62,NE,2022-04-11 18:23:22
258,Charleston,32.7766,-79.9309,82.2,38,0,12.66,US,2022-04-11 18:18:53
259,Obo,5.3998,26.4869,73.09,69,100,4.0,CF,2022-04-11 18:23:22
260,Ortakoy,38.7373,34.0387,41.25,84,83,15.39,TR,2022-04-11 18:23:23
261,Matara,5.9485,80.5353,78.31,88,96,3.74,LK,2022-04-11 18:23:23
262,Funtua,11.5233,7.3081,91.78,14,91,6.46,NG,2022-04-11 18:23:24
263,Grindavik,63.8424,-22.4338,44.55,65,0,20.71,IS,2022-04-11 18:23:24
264,Cosala,24.4125,-106.6908,87.73,29,98,3.38,MX,2022-04-11 18:23:25
265,Shaunavon,49.6501,-108.4181,30.51,36,100,16.11,CA,2022-04-11 18:23:25
266,Centralia,46.7162,-122.9543,49.06,86,0,4.61,US,2022-04-11 18:23:26
267,Ustka,54.5805,16.8619,38.59,81,8,11.39,PL,2022-04-11 18:23:26
268,Verkhoyansk,67.5447,133.385,-10.16,100,80,1.97,RU,2022-04-11 18:24:27
269,Bonthe,7.5264,-12.505,82.65,72,91,10.38,SL,2022-04-11 18:24:27
270,Kalmunai,7.4167,81.8167,79.72,81,98,3.42,LK,2022-04-11 18:24:28
271,Rio Cuarto,-33.1307,-64.3499,56.97,88,75,11.5,AR,2022-04-11 18:20:18
272,Ponta Delgada,37.7333,-25.6667,61.52,88,75,17.27,PT,2022-04-11 18:24:28
273,Bartica,6.4,-58.6167,88.12,66,90,6.42,GY,2022-04-11 18:24:29
274,Leningradskiy,69.3833,178.4167,-19.82,97,80,3.85,RU,2022-04-11 18:24:29
275,Haysville,37.5645,-97.3523,67.95,29,75,9.22,US,2022-04-11 18:24:29
276,Port Pirie,-33.1833,138.0167,62.69,52,16,5.95,AU,2022-04-11 18:24:30
277,Dharchula,29.85,80.5333,67.23,31,53,6.89,IN,2022-04-11 18:24:30
278,Ust-Maya,60.4167,134.5333,20.53,97,100,2.46,RU,2022-04-11 18:24:31
279,Lalin,42.7167,-8.1167,51.82,90,78,7.87,ES,2022-04-11 18:24:31
280,Kaitangata,-46.2817,169.8464,48.97,92,99,7.85,NZ,2022-04-11 18:24:32
281,Eyl,7.9803,49.8164,81.75,75,13,8.05,SO,2022-04-11 18:24:32
282,Namibe,-15.1961,12.1522,72.95,84,10,7.02,AO,2022-04-11 18:24:33
283,Muros,42.7762,-9.0603,57.69,76,75,15.03,ES,2022-04-11 18:24:33
284,Faya,18.3851,42.4509,68.11,46,2,3.69,SA,2022-04-11 18:24:33
285,Esmeraldas,-19.7625,-44.3139,91.51,45,28,3.69,BR,2022-04-11 18:24:34
286,Alcudia,39.8532,3.1214,64.2,86,96,13.85,ES,2022-04-11 18:24:34
287,Ingham,42.6,-84.3833,69.91,18,40,10.36,US,2022-04-11 18:24:35
288,Aljezur,37.3191,-8.8033,58.59,74,55,11.32,PT,2022-04-11 18:24:36
289,Hovd,48.0056,91.6419,28.13,36,61,3.24,MN,2022-04-11 18:24:36
290,Namwala,-15.7504,26.4384,67.37,81,100,4.94,ZM,2022-04-11 18:24:36
291,Neumunster,54.0667,9.9833,49.14,64,57,4.5,DE,2022-04-11 18:24:37
292,Gorontalo,0.5412,123.0595,75.52,89,83,1.52,ID,2022-04-11 18:24:37
293,Tahta,26.7693,31.5021,79.79,19,0,19.08,EG,2022-04-11 18:24:38
294,Rundu,-17.9333,19.7667,74.37,54,100,4.88,NA,2022-04-11 18:24:38
295,Ponnani,10.767,75.9252,79.92,83,99,4.16,IN,2022-04-11 18:24:39
296,Buta,2.7858,24.73,71.4,85,97,1.95,CD,2022-04-11 18:24:39
297,Necochea,-38.5473,-58.7368,59.72,90,100,10.94,AR,2022-04-11 18:20:17
298,Torbay,47.6666,-52.7314,37.27,94,100,23.02,CA,2022-04-11 18:24:40
299,Waingapu,-9.6567,120.2641,76.1,78,94,5.66,ID,2022-04-11 18:24:40
300,San Carlos De Bariloche,-41.1456,-71.3082,49.75,57,75,23.02,AR,2022-04-11 18:24:00
301,Togur,58.3631,82.8265,19.29,94,59,3.96,RU,2022-04-11 18:24:41
302,Darab,28.7519,54.5444,72.93,12,21,5.68,IR,2022-04-11 18:24:41
303,Metro,-5.1131,105.3067,74.68,91,41,5.12,ID,2022-04-11 18:24:41
304,Ecclefechan,55.0593,-3.2665,50.65,80,100,13.04,GB,2022-04-11 18:24:42
305,Sakhon Nakhon,17.1612,104.1472,81.37,45,11,4.74,TH,2022-04-11 18:24:42
306,Sechura,-5.5569,-80.8222,82.72,57,98,11.01,PE,2022-04-11 18:24:43
307,Fairbanks,64.8378,-147.7164,30.09,77,96,1.01,US,2022-04-11 18:19:51
308,Katobu,-4.9408,122.5276,75.11,93,84,1.86,ID,2022-04-11 18:24:43
309,Baneh,35.9975,45.8853,54.61,43,46,6.73,IR,2022-04-11 18:24:44
310,Moron,-34.6534,-58.6198,74.95,67,92,10.87,AR,2022-04-11 18:24:44
311,Lensk,60.7253,114.9278,12.22,97,82,0.47,RU,2022-04-11 18:25:44
312,Tafresh,34.692,50.013,59.85,22,58,4.92,IR,2022-04-11 18:25:45
313,Balkanabat,39.5108,54.3671,70.86,44,4,12.41,TM,2022-04-11 18:25:45
314,Coihaique,-45.5752,-72.0662,56.01,58,40,4.61,CL,2022-04-11 18:23:16
315,Dubno,50.4169,25.7343,39.88,69,80,5.03,UA,2022-04-11 18:25:46
316,Kodinsk,58.6881,99.1844,22.42,98,99,2.13,RU,2022-04-11 18:25:46
317,Berlevag,70.8578,29.0864,33.75,86,75,4.61,NO,2022-04-11 18:25:47
318,Svetlaya,46.5389,138.3297,36.66,97,100,7.7,RU,2022-04-11 18:25:47
319,Mechanicsville,37.6088,-77.3733,75.07,43,20,9.22,US,2022-04-11 18:21:38
320,Iranshahr,27.2025,60.6848,82.74,12,0,9.22,IR,2022-04-11 18:25:48
321,Bay Roberts,47.5999,-53.2648,38.05,87,100,8.99,CA,2022-04-11 18:25:48
322,Liwale,-9.7667,37.9333,69.26,97,62,3.8,TZ,2022-04-11 18:25:48
323,Quelimane,-17.8786,36.8883,74.01,95,48,2.73,MZ,2022-04-11 18:25:49
324,Namatanai,-3.6667,152.4333,78.98,79,57,6.24,PG,2022-04-11 18:25:49
325,Olafsvik,64.8945,-23.7142,34.0,76,64,24.99,IS,2022-04-11 18:25:50
326,Westport,41.1415,-73.3579,62.11,42,0,14.97,US,2022-04-11 18:25:50
327,Karpathos,35.507,27.2132,57.16,62,0,24.16,GR,2022-04-11 18:25:50
328,Urman,54.8831,56.8742,46.62,81,78,5.12,RU,2022-04-11 18:25:51
329,Alice Springs,-23.7,133.8833,80.15,32,100,4.61,AU,2022-04-11 18:25:20
330,Tarakan,3.3,117.6333,78.3,94,40,3.44,ID,2022-04-11 18:25:51
331,Steinbach,50.1667,8.5667,57.07,41,0,11.5,DE,2022-04-11 18:25:52
332,Saltillo,25.4167,-101.0,79.47,27,40,6.91,MX,2022-04-11 18:25:22
333,Vankleek Hill,45.5168,-74.6493,53.11,46,43,6.87,CA,2022-04-11 18:25:52
334,Carauari,-4.8828,-66.8958,82.49,85,96,1.66,BR,2022-04-11 18:25:53
335,Atar,20.5169,-13.0499,100.45,19,61,9.22,MR,2022-04-11 18:25:53
336,La Palma,33.8464,-118.0467,68.9,62,75,13.8,US,2022-04-11 18:25:53
337,Constitucion,-35.3333,-72.4167,60.55,51,31,14.18,CL,2022-04-11 18:25:54
338,Taoudenni,22.6783,-3.9836,92.62,4,58,6.31,ML,2022-04-11 18:25:54
339,Isangel,-19.55,169.2667,79.48,80,22,7.99,VU,2022-04-11 18:25:55
340,Tilichiki,60.4667,166.1,5.16,92,100,11.54,RU,2022-04-11 18:25:55
341,Bor,56.3567,44.0669,57.13,89,92,9.04,RU,2022-04-11 18:23:28
342,Salisbury,51.0693,-1.7957,58.57,57,75,13.8,GB,2022-04-11 18:25:56
343,Praia,14.9215,-23.5087,75.74,57,75,24.16,CV,2022-04-11 18:23:10
344,Achinsk,56.2694,90.4993,28.4,88,100,4.65,RU,2022-04-11 18:25:56
345,Balakovo,52.0278,47.8007,54.93,75,100,5.1,RU,2022-04-11 18:25:57
346,Severnoye,56.3491,78.3619,24.6,95,100,3.58,RU,2022-04-11 18:25:57
347,Geilo,60.5333,8.2076,25.7,84,86,6.69,NO,2022-04-11 18:25:57
348,Somovo,51.741,39.3665,59.5,47,0,11.18,RU,2022-04-11 18:25:58
349,Sesvete,45.8311,16.1164,53.73,50,0,5.75,HR,2022-04-11 18:25:58
350,Vondrozo,-22.8167,47.2833,65.25,93,31,1.97,MG,2022-04-11 18:25:58
351,Bundaberg,-24.85,152.35,66.49,98,3,5.75,AU,2022-04-11 18:25:59
352,Bella Vista,36.4295,-94.2316,61.36,94,100,9.22,US,2022-04-11 18:25:59
353,Popondetta,-8.7537,148.2534,74.05,89,45,3.06,PG,2022-04-11 18:26:00
354,Noumea,-22.2763,166.4572,78.01,99,38,5.97,NC,2022-04-11 18:26:00
355,Altenburg,50.9833,12.45,48.72,58,22,1.01,DE,2022-04-11 18:26:00
356,Drayton Valley,53.2168,-114.9854,25.56,30,50,13.53,CA,2022-04-11 18:23:01
357,Saldanha,-33.0117,17.9442,69.85,68,0,10.36,ZA,2022-04-11 18:26:01
358,Sioux Lookout,50.1001,-91.917,39.27,81,100,14.97,CA,2022-04-11 18:26:01
359,Kudahuvadhoo,2.6708,72.8944,83.79,73,31,11.59,MV,2022-04-11 18:27:02
360,Santa Catalina,9.3337,122.8637,78.08,87,99,12.68,PH,2022-04-11 18:27:02
361,Omsukchan,62.5333,155.8,-19.89,100,70,3.89,RU,2022-04-11 18:27:03
362,Koregaon,18.65,74.0833,83.71,40,75,10.65,IN,2022-04-11 18:27:03
363,Sao Joao Da Barra,-21.6403,-41.0511,84.29,70,16,9.35,BR,2022-04-11 18:27:03
364,Garowe,8.4054,48.4845,81.5,57,54,15.61,SO,2022-04-11 18:27:04
365,Pangnirtung,66.1451,-65.7125,19.4,63,20,2.3,CA,2022-04-11 18:27:04
366,Muyezerskiy,63.9333,31.65,27.66,95,57,4.97,RU,2022-04-11 18:27:05
367,Aripuana,-9.1667,-60.6333,82.11,88,100,1.32,BR,2022-04-11 18:27:05
368,Meulaboh,4.1363,96.1285,75.78,89,91,2.77,ID,2022-04-11 18:27:06
369,Sur,22.5667,59.5289,85.91,47,0,8.59,OM,2022-04-11 18:27:06
370,Bo Rai,12.5728,102.5371,84.76,90,34,2.48,TH,2022-04-11 18:27:06
371,Mezen,65.8522,44.24,37.06,92,99,10.71,RU,2022-04-11 18:27:07
372,Mercedes,-34.6515,-59.4307,73.04,83,99,13.35,AR,2022-04-11 18:27:07
373,Tagusao,9.1924,117.8141,79.03,85,100,9.04,PH,2022-04-11 18:27:07
374,Yinchuan,38.4681,106.2731,48.04,25,82,5.46,CN,2022-04-11 18:27:08
375,Riyadh,24.6877,46.7219,93.34,14,81,11.03,SA,2022-04-11 18:27:08
376,Denpasar,-8.65,115.2167,78.46,88,20,6.91,ID,2022-04-11 18:27:09
377,Nioro,13.35,-15.75,104.27,9,31,5.82,GM,2022-04-11 18:27:09
378,Xichang,27.8964,102.2634,60.96,88,93,3.29,CN,2022-04-11 18:27:10
379,Dingle,10.9995,122.6711,73.96,93,100,11.56,PH,2022-04-11 18:27:10
380,Tuatapere,-46.1333,167.6833,49.6,92,100,6.67,NZ,2022-04-11 18:27:11
381,Santa Isabel Do Rio Negro,-0.4139,-65.0192,82.87,86,98,3.33,BR,2022-04-11 18:27:11
382,Poum,-20.2333,164.0167,78.82,78,10,8.99,NC,2022-04-11 18:27:11
383,Dapaong,10.8639,0.205,90.52,38,72,16.11,TG,2022-04-11 18:27:12
384,Mareeba,-17.0,145.4333,72.45,94,75,2.57,AU,2022-04-11 18:27:12
385,Rocky Mountain House,52.3668,-114.9188,26.71,31,99,12.66,CA,2022-04-11 18:27:13
386,Severo-Kurilsk,50.6789,156.125,25.7,80,34,7.27,RU,2022-04-11 18:27:13
387,Bethel,41.3712,-73.414,62.19,37,0,6.91,US,2022-04-11 18:22:51
388,Luderitz,-26.6481,15.1594,69.35,59,5,3.51,NA,2022-04-11 18:27:14
389,Yerbogachen,61.2767,108.0108,10.65,97,34,1.43,RU,2022-04-11 18:27:14
390,Guerrero Negro,27.9769,-114.0611,67.41,54,10,9.89,MX,2022-04-11 18:27:14
391,Brae,60.3964,-1.353,41.4,66,100,15.79,GB,2022-04-11 18:27:15
392,Belle Fourche,44.6714,-103.8522,48.06,52,92,7.96,US,2022-04-11 18:27:16
393,Carolina,18.3808,-65.9574,86.58,66,40,14.97,PR,2022-04-11 18:24:45
394,Asau,46.4333,26.4,42.96,64,94,4.7,RO,2022-04-11 18:27:16
395,Haines Junction,60.7522,-137.5108,21.15,53,98,11.5,CA,2022-04-11 18:27:17
396,Belmonte,-15.8631,-38.8828,83.16,60,60,8.97,BR,2022-04-11 18:27:17
397,Hsinchu,24.8036,120.9686,76.86,85,46,1.01,TW,2022-04-11 18:27:18
398,Kavaratti,10.5669,72.642,83.97,74,25,9.46,IN,2022-04-11 18:27:18
399,Key West,24.5557,-81.7826,84.2,52,20,18.41,US,2022-04-11 18:28:19
400,Vuktyl,63.8567,57.3094,37.83,99,100,8.93,RU,2022-04-11 18:28:19
401,Bandar-E Lengeh,26.5579,54.8807,77.11,83,2,4.61,IR,2022-04-11 18:28:20
402,Banjar,-8.19,114.9675,74.75,80,97,4.92,ID,2022-04-11 18:28:20
403,Mehamn,71.0357,27.8492,33.71,89,100,2.48,NO,2022-04-11 18:28:21
404,Karratha,-20.7377,116.8463,80.53,26,2,11.77,AU,2022-04-11 18:28:21
405,Nishihara,26.1842,127.7558,72.68,88,75,8.05,JP,2022-04-11 18:28:21
406,Sol-Iletsk,51.1631,54.9918,50.27,82,100,6.73,RU,2022-04-11 18:28:22
407,Fort Nelson,58.8053,-122.7002,11.79,62,75,12.66,CA,2022-04-11 18:28:22
408,Budogoshch,59.2816,32.4707,35.71,88,100,3.76,RU,2022-04-11 18:28:22
409,Bozhou,33.8772,115.7703,67.98,65,40,5.91,CN,2022-04-11 18:28:23
410,Tocopilla,-22.092,-70.1979,68.54,64,9,6.82,CL,2022-04-11 18:28:23
411,Uyar,55.81,94.3153,27.54,76,100,7.63,RU,2022-04-11 18:28:24
412,Kargopol,61.5071,38.9456,35.01,97,100,4.45,RU,2022-04-11 18:28:24
413,Naze,28.3667,129.4833,67.12,91,89,4.52,JP,2022-04-11 18:28:25
414,Tokur,53.1333,132.9,16.5,97,100,3.22,RU,2022-04-11 18:28:25
415,Iberia,29.9502,-91.7507,72.09,83,0,14.97,US,2022-04-11 18:28:26
416,Bud,39.447,-86.1758,63.41,85,100,13.15,US,2022-04-11 18:28:26
417,Vila Franca Do Campo,37.7167,-25.4333,61.21,87,96,11.68,PT,2022-04-11 18:28:26
418,Cherusti,55.5498,40.0107,47.71,98,94,4.52,RU,2022-04-11 18:28:27
419,Krasnokamensk,50.0979,118.0369,29.61,65,4,4.5,RU,2022-04-11 18:28:27
420,Zamania,25.4333,83.5667,85.12,33,11,7.9,IN,2022-04-11 18:28:28
421,Concordia,-31.393,-58.0209,78.87,65,75,9.22,AR,2022-04-11 18:28:28
422,Anadyr,64.75,177.4833,16.3,85,100,6.71,RU,2022-04-11 18:28:29
423,Kawai,34.2333,135.85,51.31,66,100,3.29,JP,2022-04-11 18:28:29
424,Port-Gentil,-0.7193,8.7815,81.12,82,38,11.16,GA,2022-04-11 18:28:30
425,Nieuw Amsterdam,5.8833,-55.0833,85.01,77,40,13.8,SR,2022-04-11 18:28:30
426,Manono,-7.3,27.4167,76.78,73,57,3.98,CD,2022-04-11 18:28:30
427,Tual,-5.6667,132.75,83.12,74,100,7.25,ID,2022-04-11 18:28:31
428,Awjilah,29.1081,21.2869,70.32,21,0,9.73,LY,2022-04-11 18:28:31
429,Pimentel,-6.8367,-79.9342,77.29,61,0,16.11,PE,2022-04-11 18:28:32
430,Bull Savanna,17.8868,-77.5902,80.04,67,27,8.03,JM,2022-04-11 18:28:32
431,Petrozavodsk,61.7849,34.3469,40.46,60,98,4.47,RU,2022-04-11 18:25:59
432,Lhokseumawe,5.1801,97.1507,78.66,86,99,3.74,ID,2022-04-11 18:28:33
433,Seguela,7.9611,-6.6731,92.43,39,52,5.68,CI,2022-04-11 18:28:33
434,Newcastle,-32.9272,151.7765,68.65,91,75,11.5,AU,2022-04-11 18:27:07
435,Tatawin,32.9297,10.4518,63.32,36,52,15.57,TN,2022-04-11 18:28:34
436,Sibiti,-3.6819,13.3499,69.62,96,100,2.89,CG,2022-04-11 18:28:34
437,Maniitsoq,65.4167,-52.9,31.87,67,100,2.28,GL,2022-04-11 18:28:35
438,Nadym,65.5333,72.5167,34.21,100,100,10.13,RU,2022-04-11 18:24:14
439,Aykhal,66.0,111.5,8.46,100,93,1.07,RU,2022-04-11 18:28:35
440,Namtsy,62.7161,129.6658,7.32,98,77,6.24,RU,2022-04-11 18:28:35
441,Port-Cartier,50.0334,-66.8654,46.62,99,24,10.13,CA,2022-04-11 18:28:36
442,Marsh Harbour,26.5412,-77.0636,72.23,58,0,13.94,BS,2022-04-11 18:28:36
443,San Patricio,28.017,-97.5169,82.29,74,100,15.9,US,2022-04-11 18:28:37
444,Nyaunglebin,17.95,96.7333,78.37,67,47,4.56,MM,2022-04-11 18:28:37
445,Fare,-16.7,-151.0167,81.63,71,5,15.75,PF,2022-04-11 18:28:38
446,Virginia Beach,36.8529,-75.978,66.99,58,40,12.66,US,2022-04-11 18:27:52
447,Porto Torres,40.835,8.3972,62.78,72,46,8.46,IT,2022-04-11 18:29:38
448,North Platte,41.1239,-100.7654,61.12,18,0,18.41,US,2022-04-11 18:28:55
449,Ulaanbaatar,47.9077,106.8832,14.13,79,0,4.47,MN,2022-04-11 18:29:39
450,Basak,6.7274,124.1512,73.4,90,100,7.49,PH,2022-04-11 18:29:39
451,Muzhi,65.3667,64.6667,34.72,100,100,7.78,RU,2022-04-11 18:29:40
452,Pisco,-13.7,-76.2167,73.45,56,0,20.71,PE,2022-04-11 18:29:40
453,Pacific Grove,36.6177,-121.9166,55.51,93,100,17.0,US,2022-04-11 18:29:40
454,Mongu,-15.2484,23.1274,69.26,85,100,5.23,ZM,2022-04-11 18:29:41
455,Hambantota,6.1241,81.1185,77.34,100,20,2.3,LK,2022-04-11 18:29:41
456,Manhattan,40.7834,-73.9662,63.09,33,0,6.91,US,2022-04-11 18:29:42
457,Osi,47.1472,18.1883,48.85,52,44,1.54,HU,2022-04-11 18:29:42
458,Beisfjord,68.3751,17.5988,38.05,98,100,5.66,NO,2022-04-11 18:29:42
459,Vanavara,60.34,102.2797,15.13,95,75,0.54,RU,2022-04-11 18:29:43
460,Odlabari,26.8333,88.6167,76.06,79,47,1.95,IN,2022-04-11 18:29:43
461,Novoagansk,61.9449,76.6625,33.15,95,95,7.9,RU,2022-04-11 18:29:43
462,Bongouanou,6.6486,-4.1992,85.98,61,94,4.72,CI,2022-04-11 18:29:44
463,Ambon,-3.6954,128.1814,78.94,94,40,4.61,ID,2022-04-11 18:29:44
464,Tautira,-17.7333,-149.15,80.85,75,29,13.94,PF,2022-04-11 18:29:45
465,Umba,66.6871,34.3429,33.1,87,79,14.76,RU,2022-04-11 18:29:45
466,Ewo,-0.8725,14.8206,74.86,89,100,4.61,CG,2022-04-11 18:29:46
467,Hervey Bay,-25.2986,152.8535,67.01,93,1,8.01,AU,2022-04-11 18:29:46
468,Dalby,-27.1833,151.2667,69.84,69,68,4.05,AU,2022-04-11 18:29:46
469,Bilca,47.9167,25.75,40.23,66,81,6.4,RO,2022-04-11 18:29:47
470,Traralgon,-38.1833,146.5333,51.87,72,96,1.32,AU,2022-04-11 18:29:47
471,Bosaso,11.2842,49.1816,81.82,74,0,1.45,SO,2022-04-11 18:29:48
472,Salme,28.0369,85.0942,64.69,70,30,2.51,NP,2022-04-11 18:29:48
473,San Jose De Gracia,20.6667,-102.5833,78.8,23,9,7.05,MX,2022-04-11 18:29:48
474,Adrar,20.5022,-10.0711,95.47,5,30,6.15,MR,2022-04-11 18:29:49
475,Koumac,-20.5667,164.2833,75.83,85,13,4.65,NC,2022-04-11 18:29:49
476,Ambulu,-8.345,113.6058,73.35,87,85,3.74,ID,2022-04-11 18:29:50
477,Gayeri,12.6497,0.4931,98.74,19,53,13.47,BF,2022-04-11 18:29:50
478,Weihe,32.9952,105.3247,47.82,86,100,7.67,CN,2022-04-11 18:29:51
479,Buraydah,26.326,43.975,99.05,10,82,7.67,SA,2022-04-11 18:29:51
480,Samarai,-10.6167,150.6667,83.21,76,61,12.33,PG,2022-04-11 18:29:51
481,Zlobin,45.2924,14.6541,43.9,54,0,3.44,HR,2022-04-11 18:29:52
482,Kiruna,67.8557,20.2251,31.12,74,100,12.66,SE,2022-04-11 18:29:52
483,Araouane,18.9048,-3.5265,94.75,5,2,8.72,ML,2022-04-11 18:29:52
484,Maceio,-9.6658,-35.7353,85.44,61,40,13.8,BR,2022-04-11 18:29:53
485,Nayoro,44.3506,142.4578,45.03,94,98,2.57,JP,2022-04-11 18:29:53
486,Katsuura,35.1333,140.3,62.19,87,100,12.59,JP,2022-04-11 18:29:54
487,Svetlogorsk,52.6333,29.7333,41.74,63,100,6.15,BY,2022-04-11 18:29:54
488,Tubinskiy,52.8892,58.2225,36.52,92,57,9.08,RU,2022-04-11 18:29:54
489,Sabha,27.0377,14.4283,77.76,16,0,11.41,LY,2022-04-11 18:29:55
490,Hami,42.8,93.45,53.89,15,22,11.61,CN,2022-04-11 18:29:55
491,Flinders,-34.5833,150.8552,63.18,86,100,5.99,AU,2022-04-11 18:28:38
492,Krasnoselkup,65.7,82.4667,29.3,98,100,7.56,RU,2022-04-11 18:29:56
493,Srednekolymsk,67.45,153.6833,-14.62,100,48,3.74,RU,2022-04-11 18:29:56
494,High Rock,26.6208,-78.2833,77.02,59,0,14.56,BS,2022-04-11 18:30:57
495,Cervo,43.6702,-7.4101,57.96,80,49,6.67,ES,2022-04-11 18:30:57
496,Palmer,42.1584,-72.3287,62.78,31,75,6.91,US,2022-04-11 18:30:58
497,Carahue,-38.7,-73.1667,53.11,76,100,2.62,CL,2022-04-11 18:30:58
498,Egvekinot,66.3167,-179.1667,16.39,93,100,6.17,RU,2022-04-11 18:30:58
499,Lagunas,-5.2269,-75.6753,91.11,54,30,2.24,PE,2022-04-11 18:30:59
500,Ulladulla,-35.35,150.4667,59.9,84,100,9.4,AU,2022-04-11 18:30:59
501,Polunochnoye,60.8697,60.4153,33.6,99,91,3.85,RU,2022-04-11 18:31:00
502,Chochola,20.75,-89.8333,93.99,23,67,8.81,MX,2022-04-11 18:31:00
503,Naryan-Mar,67.6713,53.087,34.2,97,100,11.23,RU,2022-04-11 18:31:01
504,Abu Zabad,12.35,29.25,87.06,35,56,19.71,SD,2022-04-11 18:31:01
505,Buin,-33.7333,-70.75,72.05,26,5,6.96,CL,2022-04-11 18:31:02
506,Tabuk,17.4189,121.4443,72.93,92,92,2.86,PH,2022-04-11 18:31:02
507,Caravelas,-17.7125,-39.2481,81.19,72,49,5.06,BR,2022-04-11 18:31:03
508,Oyama,36.3,139.8,67.59,80,82,2.95,JP,2022-04-11 18:31:03
509,Oistins,13.0667,-59.5333,84.29,65,40,23.02,BB,2022-04-11 18:28:15
510,Cidreira,-30.1811,-50.2056,69.73,91,100,13.85,BR,2022-04-11 18:31:04
511,Petropavlovsk-Kamchatskiy,53.0452,158.6483,25.39,80,75,4.47,RU,2022-04-11 18:31:05
512,Coelho Neto,-4.2567,-43.0128,84.61,72,100,3.58,BR,2022-04-11 18:31:05
513,Ulaangom,49.9811,92.0667,31.35,38,4,2.95,MN,2022-04-11 18:31:06
514,Eureka,40.8021,-124.1637,49.19,52,57,7.0,US,2022-04-11 18:31:06
515,Khorixas,-20.3667,14.9667,80.19,27,99,8.61,NA,2022-04-11 18:31:07
516,Harper,4.375,-7.7169,81.36,82,50,7.85,LR,2022-04-11 18:31:07
517,Jalu,29.0331,21.5482,69.12,22,0,9.42,LY,2022-04-11 18:31:08
518,Bilma,18.6853,12.9164,92.71,5,0,6.89,NE,2022-04-11 18:31:08
519,Constantine,36.365,6.6147,71.01,35,0,10.36,DZ,2022-04-11 18:31:09
520,Bondoukou,8.0333,-2.8,75.13,84,98,11.3,CI,2022-04-11 18:31:09
521,Sungairaya,0.7,108.9,77.67,89,95,3.18,ID,2022-04-11 18:31:10
522,Tura,25.5198,90.2201,70.48,88,7,5.68,IN,2022-04-11 18:31:10
523,Honggang,46.4667,124.8667,38.68,60,15,5.21,CN,2022-04-11 18:31:11
524,Yangambi,0.8102,24.4336,72.12,84,79,1.9,CD,2022-04-11 18:31:11
525,Zhanaozen,43.3,52.8,60.3,51,16,3.62,KZ,2022-04-11 18:31:12
526,San Policarpo,12.1791,125.5072,78.84,89,100,11.01,PH,2022-04-11 18:31:13
527,Sao Francisco,-15.9486,-44.8644,89.22,42,65,6.29,BR,2022-04-11 18:31:13
528,Juneau,58.3019,-134.4197,35.22,35,20,18.41,US,2022-04-11 18:31:13
529,Goroka,-6.0834,145.3873,57.13,90,41,0.94,PG,2022-04-11 18:31:14
530,Berekum,7.4534,-2.584,74.68,84,100,3.29,GH,2022-04-11 18:31:15
531,Manzhouli,49.6,117.4333,28.18,77,2,6.11,CN,2022-04-11 18:31:15
532,Bage,-31.3314,-54.1069,73.18,78,100,5.75,BR,2022-04-11 18:31:16
533,Charters Towers,-20.1,146.2667,70.07,91,33,6.78,AU,2022-04-11 18:31:16
534,Phatthalung,7.5,100.0833,77.88,87,41,3.49,TH,2022-04-11 18:31:17
535,Shirokiy,49.758,129.523,27.16,89,100,6.69,RU,2022-04-11 18:31:18
536,Goderich,43.7501,-81.7165,57.52,54,100,16.11,CA,2022-04-11 18:30:12
537,Bahar,34.9072,48.4414,50.16,40,0,0.0,IR,2022-04-11 18:31:18
538,Manicore,-5.8092,-61.3003,88.65,54,96,1.81,BR,2022-04-11 18:31:19
539,Poli,-3.3333,36.8,63.86,67,96,5.06,TZ,2022-04-11 18:31:19
